run,label,group,finish_h,p50,p90,p99,pct_gt_006,pct_gouge,min_dev,board_gt_030_mm2,entries,cutting_m,hypothetical_tool,pass,fails,speedup_vs_ref
C1_p,"R1 parallel raster, s 0.49",style,3.0729,0.0451,0.1679,0.4431,39.2252,0.0572,-0.0597,3641.5,1,320.7001,False,False,"p99,gt006,board",3.8815
R45_p,"R1 parallel raster, s 0.34 (cusp held to 45°)",style,4.1843,0.0238,0.1068,0.33,20.8233,0.0021,-0.0402,1786.1875,1,454.1367,False,False,"p99,gt006,board",2.8505
C2_p,"R1 scallop, not iso (cascade)",style,4.3289,0.0255,0.0972,0.3049,20.5491,0.0,-0.0068,4504.125,2,363.0697,False,False,"p99,gt006,board",2.7553
A4_p,R1 iso h0.08,r1,6.5712,0.0319,0.1202,0.3029,29.3738,2.9382,-0.0896,1588.0625,450,313.5345,False,False,"p99,gt006,gouge,board",1.8151
A5_p,R2 iso h0.03,r2,7.1071,0.0279,0.1899,0.6714,29.5688,0.0035,-0.0359,6472.3125,311,347.18,False,False,"p99,gt006,board",1.6782
T4_p,"Tiers R2>R1, tol 0.25",tier,8.2962,0.0305,0.1737,0.6189,29.9546,0.118,-0.6404,5608.75,1545,428.6014,False,False,"p99,gt006,board",1.4377
A3_p,R1 iso h0.05,r1,8.9129,0.0223,0.0891,0.2693,18.4281,0.4739,-0.2252,1235.25,532,391.4947,False,False,"p99,gt006,gouge",1.3382
P1_p,R2 whole + R1 pencil,frag,8.9722,0.0265,0.1813,0.6692,28.3114,0.076,-0.6464,6217.8125,791,391.6479,False,False,"p99,gt006,board",1.3294
A6_p,R2 iso h0.02,r2,8.9921,0.023,0.1787,0.6574,26.4336,0.0004,-0.0269,6169.75,373,423.2885,False,False,"p99,gt006,board",1.3264
A1,"R1 iso h0.03, fixture arcs 0.05",arc,9.6678,0.0161,0.0711,0.2505,13.0732,7.9819,-0.9062,1060.1875,613,496.9701,False,False,"gt006,gouge",1.2337
B1_c5,"Blob: R3 flats/sea, R1 range, close 5 mm",blob,9.7901,0.0178,0.0747,0.2511,13.9623,0.0538,-0.717,1145.5625,1616,493.8113,True,False,gt006,1.2183
B1_c10,"Blob: R3 flats/sea, R1 range, close 10 mm",blob,10.0127,0.0177,0.0745,0.2516,13.864,0.0507,-0.6951,1126.5,1101,483.7561,True,False,gt006,1.1912
T5_p,"Tiers R2>R1, GUI default (Unified), BEFORE G-FLUTETOP",info,10.283,0.0306,0.8725,1.761,38.2385,2.1312,-20.9996,21952.6875,237,451.3624,False,False,"p99,gt006,gouge,board",1.1599
A1_arc030,"R1 iso h0.03, arcs 0.03",arc,10.6536,0.0159,0.0686,0.2494,12.0789,1.7615,-0.9062,1047.9375,613,499.3316,False,False,gouge,1.1196
A1_arc020,"R1 iso h0.03, arcs 0.02",arc,11.4232,0.0158,0.0686,0.2492,12.0567,0.1643,-0.9062,1045.875,613,500.3031,False,False,gouge,1.0441
T9_p,"Tiers R2>R1, tol 0.15, R2 h0.05",tier,11.7433,0.0314,0.1536,0.5153,29.7616,0.1132,-0.5481,4395.9375,3867,477.848,False,False,"p99,gt006,board",1.0157
A1_planner,R1 iso h0.03 (reference),ref,11.9273,0.0158,0.0688,0.2493,12.1191,0.1005,-0.9062,1045.3125,613,500.6832,False,True,,1.0
T3,"Tiers R2>R1, tol 0.15",tier,12.8193,0.0252,0.1361,0.502,24.8502,0.1478,-0.5481,3999.9375,3903,553.3368,False,False,"p99,gt006,board",0.9304
A1_arcoff,"R1 iso h0.03, arcs off",arc,13.6845,0.0189,0.0704,0.25,12.5897,0.0928,-0.9062,1046.875,613,501.1955,False,True,,0.8716
P3_p,R2 whole + R1 tier-1 islands,frag,14.7692,0.0216,0.1312,0.5,22.6665,0.0806,-0.5481,3935.9375,3981,552.7719,False,False,"p99,gt006,board",0.8076
P2_p,"Tiers R2>R1 tol 0.15, R2 skips R1 islands",frag,14.8589,0.0265,0.1366,0.5026,25.4679,0.122,-0.5481,4016.6875,6361,564.3747,False,False,"p99,gt006,board",0.8027
A2_p,R1 iso h0.02,r1,15.1591,0.0125,0.0582,0.2395,9.6082,0.0067,-0.2103,982.375,707,607.7156,False,True,,0.7868
T7_p,"Tiers R3.2>R2>R1, tol 0.15 (hyp. ball)",ladder,16.4174,0.0258,0.1765,0.7834,27.9325,0.1731,-0.5328,6805.9375,7016,661.7185,True,False,"p99,gt006,gouge,board",0.7265
F1_p,R2 semi h0.08 + R1 iso h0.03,frag,17.0034,0.0121,0.0645,0.2488,10.9939,1.6788,-0.9062,1040.6875,865,717.1642,False,False,gouge,0.7015
T8_p,"Tiers R3.2>R1, tol 0.15 (hyp. ball)",ladder,17.9624,0.0189,0.0915,0.2982,17.7053,0.2299,-0.8023,1622.75,6409,718.1451,True,False,"p99,gt006,gouge,board",0.664
T2_p,"Tiers R2>R1, tol 0.10",tier,18.6165,0.0179,0.0881,0.2978,16.6112,0.2574,-0.5396,1684.0,6422,742.1504,False,False,"p99,gt006,gouge,board",0.6407
T6_p,"Tiers R3.2>R2>R1, tol 0.10 (hyp. ball)",ladder,19.2607,0.0213,0.1211,0.5323,22.0305,0.3104,-0.8569,3973.9375,8174,725.3111,True,False,"p99,gt006,gouge,board",0.6193
T1_p,"Tiers R2>R1, tol 0.05",tier,19.8157,0.0146,0.0751,0.2711,13.5037,0.3194,-0.8708,1247.4375,6584,823.5956,False,False,"p99,gt006,gouge",0.6019
RS45_p,R1 raster <45° + iso >45° (split),style,109.766,0.0157,0.0719,0.2607,12.69,2.0027,-0.8175,1086.6875,44613,1777.4497,False,False,"p99,gt006,gouge",0.1087
