capability_id,capability_name,Operations Queue Panel,Add Toolpath Menu,Tool Library (collapsible),Toolpath Card Context Menu,Toolpath Properties Header,Toolpath Tab Bar,Params Tab,Feeds Tab,Feeds & Speeds Modal (launcher),Vendor LUT Viewer,Engagement Diagram,Heights Tab,Diagnostics Ribbon,Dressups Tab,toolpath-tab-feed-params,feeds-card,feeds-modal-toolpath,feeds-modal-nomogram-explore,optimize-modal,feeds-modal-project,toolpath-tab-suggest-all,feeds-tab,vendor-lut-viewer,sim-diagnostics-optimize-entry,optimize-project,setup-list-panel,setup-properties-panel,alignment-pins-section,fixture-properties-panel,keepout-properties-panel,stock-properties-panel,material-picker-menu,tool-properties-panel,tool-library-modal,post-processor-panel,Setup & run,Verification staleness card,Viewport overlay toolbar,Inspector › Project overview,Export Readiness modal,Verification empty-state card,Operation list,Inspector › Now-playing strip,Span ribbon,Semantic timeline band,Inspector › View,Inspector › Selection details,Inspector › Generation Metrics,Verdict HUD,Inspector › Focused hotspot card,Inspector › Top hotspots list,Inspector › Selected span section,Signal spine,Inspector › Focused issue card,Transport & scrubber,Boundary timeline,menu-bar,project-tree,menu-file-direct-export,workspace-bar,shortcuts-window,status-bar,export-wizard,automation-snapshot
generate-all,Generate all toolpaths,A,,,,,,,,,,,,,,,,,,,,,,,,,,,,,,,,,,,,,A,,,,,,,,,,,,,,,,,,,A,,,,,,,
add-toolpath,Add toolpath,,A,,,,,,,,,,,,,,,,,,,,,,,,,,,,,,,,,,,,,,,,,,,,,,,,,,,,,,,,A,,,,,,
add-tool,Add tool,,,A,,,,,,,,,,,,,,,,,,,,,,,,,,,,,,,,,,,,,,,,,,,,,,,,,,,,,,,A,,,,,,
select-tool-from-library,Select tool in library,,,A,,,,,,,,,,,,,,,,,,,,,,,,,,,,,,,,,,,,,,,,,,,,,,,,,,,,,,,,,,,,,
select-toolpath,Select toolpath,A,,,,,,,,,,,,,,,,,,,,,,,,,,,,,,,,,,,,,,,,,,,,,,,,,,,,,,,,,A,,,,,,
reorder-toolpath,Reorder toolpath,A,,,,,,,,,,,,,,,,,,,,,,,,,,,,,,,,,,,,,,,,,,,,,,,,,,,,,,,,,,,,,,,
move-toolpath-to-setup,Move toolpath to setup,A,,,,,,,,,,,,,,,,,,,,,,,,,,,,,,,,,,,,,,,,,,,,,,,,,,,,,,,,,,,,,,,
move-toolpath-up,Move toolpath up,,,,A,,,,,,,,,,,,,,,,,,,,,,,,,,,,,,,,,,,,,,,,,,,,,,,,,,,,,,A,,,,,,
move-toolpath-down,Move toolpath down,,,,A,,,,,,,,,,,,,,,,,,,,,,,,,,,,,,,,,,,,,,,,,,,,,,,,,,,,,,A,,,,,,
generate-toolpath,Generate toolpath,A,,,M,M,,,,,,,,,,,,,,,,,,,,,,,,,,,,,,,,,,,,,,,,,,,,,,,,,,,,,,,,,,,
inspect-toolpath-in-simulation,Inspect in simulation,A,,,M,,,,,,,,,,,,,,,,,,,,,,,,,,,,,,,,,,,,,,,,,,,,,,,,,,,,,,A,,,,,,
toggle-toolpath-visibility,Toggle toolpath visibility,A,,,M,,,,,,,,,,,,,,,,,,,,,,,,,,,,,,,,,,,,,,A,,,,,,,,,,,,,,,,A,,,,,,
toggle-toolpath-enabled,Toggle toolpath enabled,,,,A,,,,,,,,,,,,,,,,,,,,,,,,,,,,,,,,,,,,,,,,,,,,,,,,,,,,,,A,,,,,,
toggle-isolate-toolpath,Isolate toolpath in viewport,A,,,M,,,,,,,,,,,,,,,,,,,,,,,,,,,,,,,,,,A,,,,,,,,,,,,,,,,,,,,,,,,,,
toggle-cut-move-visibility,Toggle cut-move visibility,A,,,,,,,,,,,,,,,,,,,,,,,,,,,,,,,,,,,,,,,,,,,,,,,,,,,,,,,,,,,,,,,
toggle-rapid-move-visibility,Toggle rapid-move visibility,A,,,,,,,,,,,,,,,,,,,,,,,,,,,,,,,,,,,,,,,,,,,,,,,,,,,,,,,,,,,,,,,
duplicate-toolpath,Duplicate toolpath,,,,A,,,,,,,,,,,,,,,,,,,,,,,,,,,,,,,,,,,,,,,,,,,,,,,,,,,,,,A,,,,,,
delete-toolpath,Delete toolpath,,,,A,,,,,,,,,,,,,,,,,,,,,,,,,,,,,,,,,,,,,,,,,,,,,,,,,,,,,,A,,,,,,
rename-toolpath,Rename toolpath,,,,,A,,,,,,,,,,,,,,,,,,,,,,,,,,,,,,,,,,,,,,,,,,,,,,,,,,,,,,,,,,,
select-tool,Select operation tool,,,,,A,,,,,,,,,,,,,,,,,,,,,,,,,,,,,,,,,,,,,,,,,,,,,,,,,,,,,A,,,,,,
select-input-model,Select input model,,,,,A,,,,,,,,,,,,,,,,,,,,,,,,,,,,,,,,,,,,,,,,,,,,,,,,,,,,,,,,,,,
select-faces,Select STEP faces,,,,,A,,,,,,,,,,,,,,,,,,,,,,,,,,,,,,,,,,,,,,,,,,,,,,,,,,,,,,,,,,,
set-stock-source,Use remaining stock,,,,,A,,,,,,,,,,,,,,,,,,,,,,,,,,,,,,,,,,,,,,,,,,,,,,,,,,,,,,,,,,,
switch-toolpath-tab,Switch properties tab,,,,,,A,,,,,,,,,,,,,,,,,,,,,,,,,,,,,,,,,,,,,,,,,,,,,,,,,,,,,,,,,,
set-feed-rate,Feed rate,,,,,,,A,M,M,,,,,,A,S,S,S,S,,,,,,,,,,,,,,,,,,,,,,,,,,,,,,,,,,,,,,,,,,,,R,
set-plunge-rate,Plunge rate,,,,,,,A,M,,,,,,,A,S,S,,,,,,,,,,,,,,,,,,,,,,,,,,,,,,,,,,,,,,,,,,,,,,,
set-spindle-rpm,Spindle RPM override,,,,,,,A,M,,,,,,,A,,S,S,S,,,,,,,,,,,,,,,,A,,,,,,,,,,,,,,,,,,,,,,,,,,,,R,
set-stepover,Stepover (radial WOC),,,,,,,A,M,,,,,,,A,S,S,,S,,,,,,,,,,,,,,,,,,,,,,,,,,,,,,,,,,,,,,,,,,,,,
set-depth-per-pass,Depth per pass (axial DOC),,,,,,,A,M,,,,,,,A,S,S,,S,,,,,,,,,,,,,,,,,,,,,,,,,,,,,,,,,,,,,,,,,,,,,
set-total-depth,Total cut depth,,,,,,,A,,,,,,,,,,,,,,,,,,,,,,,,,,,,,,,,,,,,,,,,,,,,,,,,,,,,,,,,,
apply-all-feeds,Suggest all feeds (LUT),,,,,,,S,S,,,,,,,,S,S,,,S,S,,,,,,,,,,,,,,,,,,,,,,,,,,,,,,,,,,,,,,,,,,,
request-feeds-suggestion-feed-rate,Suggest feed rate,,,,,,,,S,,,,,,,,,,,,,,,,,,,,,,,,,,,,,,,,,,,,,,,,,,,,,,,,,,,,,,,,
request-feeds-suggestion-plunge-rate,Suggest plunge rate,,,,,,,,S,,,,,,,,,,,,,,,,,,,,,,,,,,,,,,,,,,,,,,,,,,,,,,,,,,,,,,,,
request-feeds-suggestion-doc,Suggest depth-per-pass,,,,,,,,S,,,,,,,,,,,,,,,,,,,,,,,,,,,,,,,,,,,,,,,,,,,,,,,,,,,,,,,,
request-feeds-suggestion-stepover,Suggest stepover,,,,,,,,S,,,,,,,,,,,,,,,,,,,,,,,,,,,,,,,,,,,,,,,,,,,,,,,,,,,,,,,,
view-feeds-recipe,Feeds recipe read-out,,,,,,,,R,,,,,,,,,,,,,,,,,,,,,,,,,,,,,,,,,,,,,,,,,,,,,,,,,,,,,,,,
open-feeds-modal,Open Feeds & Speeds modal,,,,,,,,A,,,,,,,,,,,,,,R,,,,,,,,,,,,,,,,,,,,,,,,,,,,,,,,,,,,,,,,,,
view-vendor-lut,View vendor cutting data,,,,,,,,,,R,,,,,,,,,,,,R,R,,,,,,,,,,,,,,,,,,,,,,,,,,,,,,,,,,,,,,,,,
view-engagement-diagram,View engagement diagram,,,,,,,,,,,R,,,,,,,,,,,,,,,,,,,,,,,,,,,,,,,,,,,,,,,,,,,,,,,,,,,,,
set-clearance-height,Clearance height,,,,,,,,,,,,A,,,,,,,,,,,,,,,,,,,,,,,,,,,,,,,,,,,,,,,,,,,,,,,,,,,,
set-retract-height,Retract height,,,,,,,,,,,,A,,,,,,,,,,,,,,,,,,,,,,,,,,,,,,,,,,,,,,,,,,,,,,,,,,,,
set-feed-height,Feed height,,,,,,,,,,,,A,,,,,,,,,,,,,,,,,,,,,,,,,,,,,,,,,,,,,,,,,,,,,,,,,,,,
set-top-height,Top height,,,,,,,,,,,,A,,,,,,,,,,,,,,,,,,,,,,,,,,,,,,,,,,,,,,,,,,,,,,,,,,,,
set-bottom-height,Bottom height,,,,,,,,,,,,A,,,,,,,,,,,,,,,,,,,,,,,,,,,,,,,,,,,,,,,,,,,,,,,,,,,,
set-op-pattern,Pocket/Face pattern,,,,,,,A,,,,,,,,,,,,,,,,,,,,,,,,,,,,,,,,,,,,,,,,,,,,,,,,,,,,,,,,,
set-cut-direction-climb,Climb vs conventional,,,,,,,A,,,,,,,,,,,,,,,,,,,,,,,,,,,,,,,,,,,,,,,,,,,,,,,,,,,,,,,,,
set-zigzag-angle,Zigzag/raster angle,,,,,,,A,,,,,,,,,,,,,,,,,,,,,,,,,,,,,,,,,,,,,,,,,,,,,,,,,,,,,,,,,
set-finishing-passes,Finishing/spring passes,,,,,,,A,,,,,,,,,,,,,,,,,,,,,,,,,,,,,,,,,,,,,,,,,,,,,,,,,,,,,,,,,
set-profile-side,Profile side,,,,,,,A,,,,,,,,,,,,,,,,,,,,,,,,,,,,,,,,,,,,,,,,,,,,,,,,,,,,,,,,,
set-cutter-compensation,Cutter compensation mode,,,,,,,A,,,,,,,,,,,,,,,,,,,,,,,,,,,,,,,,,,,,,,,,,,,,,,,,,,,,,,,,,
set-tab-count,Holding tab count,,,,,,,A,,,,,,,,,,,,,,,,,,,,,,,,,,,,,,,,,,,,,,,,,,,,,,,,,,,,,,,,,
set-tab-width,Tab width,,,,,,,A,,,,,,,,,,,,,,,,,,,,,,,,,,,,,,,,,,,,,,,,,,,,,,,,,,,,,,,,,
set-tab-height,Tab height,,,,,,,A,,,,,,,,,,,,,,,,,,,,,,,,,,,,,,,,,,,,,,,,,,,,,,,,,,,,,,,,,
set-tolerance,Path tolerance,,,,,,,A,,,,,,,,,,,,,,,,,,,,,,,,,,,,,,,,,,,,,,,,,,,,,,,,,,,,,,,,,
set-min-cut-radius,Minimum cutting radius,,,,,,,A,,,,,,,,,,,,,,,,,,,,,,,,,,,,,,,,,,,,,,,,,,,,,,,,,,,,,,,,,
set-adaptive-cleanup-strategy,Adaptive cleanup strategy,,,,,,,A,,,,,,,,,,,,,,,,,,,,,,,,,,,,,,,,,,,,,,,,,,,,,,,,,,,,,,,,,
set-slot-clearing,Slot clearing toggle,,,,,,,A,,,,,,,,,,,,,,,,,,,,,,,,,,,,,,,,,,,,,,,,,,,,,,,,,,,,,,,,,
set-stock-offset,Stock offset (face),,,,,,,A,,,,,,,,,,,,,,,,,,,,,,,,,,,,,,,,,,,,,,,,,,,,,,,,,,,,,,,,,
set-stock-to-leave,Stock to leave,,,,,,,A,,,,,,,,,,,,,,,,,,,,,,,,,,,,,,,,,,,,,,,,,,,,,,,,,,,,,,,,,
set-rest-prev-tool,Rest previous tool,,,,,,,A,,,,,,,,,,,,,,,,,,,,,,,,,,,,,,,,,,,,,,,,,,,,,,,,,,,,,,,,,
set-inlay-pocket-depth,Inlay pocket depth,,,,,,,A,,,,,,,,,,,,,,,,,,,,,,,,,,,,,,,,,,,,,,,,,,,,,,,,,,,,,,,,,
set-inlay-glue-gap,Inlay glue gap,,,,,,,A,,,,,,,,,,,,,,,,,,,,,,,,,,,,,,,,,,,,,,,,,,,,,,,,,,,,,,,,,
set-inlay-flat-depth,Inlay flat depth,,,,,,,A,,,,,,,,,,,,,,,,,,,,,,,,,,,,,,,,,,,,,,,,,,,,,,,,,,,,,,,,,
set-inlay-boundary-offset,Inlay boundary offset,,,,,,,A,,,,,,,,,,,,,,,,,,,,,,,,,,,,,,,,,,,,,,,,,,,,,,,,,,,,,,,,,
set-inlay-flat-tool-radius,Inlay flat tool radius,,,,,,,A,,,,,,,,,,,,,,,,,,,,,,,,,,,,,,,,,,,,,,,,,,,,,,,,,,,,,,,,,
set-drill-cycle,Drill cycle type,,,,,,,A,,,,,,,,,,,,,,,,,,,,,,,,,,,,,,,,,,,,,,,,,,,,,,,,,,,,,,,,,
set-drill-peck-depth,Drill peck depth,,,,,,,A,,,,,,,,,,,,,,,,,,,,,,,,,,,,,,,,,,,,,,,,,,,,,,,,,,,,,,,,,
set-drill-dwell-time,Drill dwell time,,,,,,,A,,,,,,,,,,,,,,,,,,,,,,,,,,,,,,,,,,,,,,,,,,,,,,,,,,,,,,,,,
set-drill-retract-amount,Chip-break retract amount,,,,,,,A,,,,,,,,,,,,,,,,,,,,,,,,,,,,,,,,,,,,,,,,,,,,,,,,,,,,,,,,,
set-retract-height-op,Drill retract Z,,,,,,,A,,,,,,,,,,,,,,,,,,,,,,,,,,,,,,,,,,,,,,,,,,,,,,,,,,,,,,,,,
set-pin-spoilboard-penetration,Pin spoilboard penetration,,,,,,,A,,,,,,,,,,,,,,,,,,,,,,,,,,,,,,,,,,,,,,,,,,,,,,,,,,,,,,,,,
set-chamfer-width,Chamfer width,,,,,,,A,,,,,,,,,,,,,,,,,,,,,,,,,,,,,,,,,,,,,,,,,,,,,,,,,,,,,,,,,
set-chamfer-tip-offset,Chamfer tip offset,,,,,,,A,,,,,,,,,,,,,,,,,,,,,,,,,,,,,,,,,,,,,,,,,,,,,,,,,,,,,,,,,
set-adaptive3d-entry-style,Adaptive3D entry style,,,,,,,A,,,,,,,,,,,,,,,,,,,,,,,,,,,,,,,,,,,,,,,,,,,,,,,,,,,,,,,,,
set-adaptive3d-ramp-angle,Adaptive3D ramp angle,,,,,,,A,,,,,,,,,,,,,,,,,,,,,,,,,,,,,,,,,,,,,,,,,,,,,,,,,,,,,,,,,
set-adaptive3d-helix-radius,Adaptive3D helix radius,,,,,,,A,,,,,,,,,,,,,,,,,,,,,,,,,,,,,,,,,,,,,,,,,,,,,,,,,,,,,,,,,
set-adaptive3d-helix-pitch,Adaptive3D helix pitch,,,,,,,A,,,,,,,,,,,,,,,,,,,,,,,,,,,,,,,,,,,,,,,,,,,,,,,,,,,,,,,,,
set-clearing-strategy,Adaptive3D clearing strategy,,,,,,,A,,,,,,,,,,,,,,,,,,,,,,,,,,,,,,,,,,,,,,,,,,,,,,,,,,,,,,,,,
set-region-ordering,Adaptive3D region ordering,,,,,,,A,,,,,,,,,,,,,,,,,,,,,,,,,,,,,,,,,,,,,,,,,,,,,,,,,,,,,,,,,
set-mill-shallow-areas,Mill shallow areas,,,,,,,A,,,,,,,,,,,,,,,,,,,,,,,,,,,,,,,,,,,,,,,,,,,,,,,,,,,,,,,,,
set-fine-stepdown,Fine stepdown,,,,,,,A,,,,,,,,,,,,,,,,,,,,,,,,,,,,,,,,,,,,,,,,,,,,,,,,,,,,,,,,,
set-z-step,Z step,,,,,,,A,,,,,,,,,,,,,,,,,,,,,,,,,,,,,,,,,,,,,,,,,,,,,,,,,,,,,,,,,
set-scallop-height,Scallop height,,,,,,,A,,,,,,,,,,A,,,,,,,,,,,,,,,,,,,,,,,,,,,,,,,,,,,,,,,,,,,,,,,
set-slope-range,Slope from/to filter,,,,,,,A,,,,,,,,,,,,,,,,,,,,,,,,,,,,,,,,,,,,,,,,,,,,,,,,,,,,,,,,,
set-threshold-angle,Steep/shallow threshold angle,,,,,,,A,,,,,,,,,,,,,,,,,,,,,,,,,,,,,,,,,,,,,,,,,,,,,,,,,,,,,,,,,
set-pencil-bitangency-angle,Pencil bitangency angle,,,,,,,A,,,,,,,,,,,,,,,,,,,,,,,,,,,,,,,,,,,,,,,,,,,,,,,,,,,,,,,,,
set-pencil-offset-passes,Pencil offset passes,,,,,,,A,,,,,,,,,,,,,,,,,,,,,,,,,,,,,,,,,,,,,,,,,,,,,,,,,,,,,,,,,
set-sampling-resolution,Sampling resolution,,,,,,,A,,,,,,,,,,,,,,,,,,,,,,,,,,,,,,,,,,,,,,,,,,,,,,,,,,,,,,,,,
set-angular-step,Radial finish angular step,,,,,,,A,,,,,,,,,,,,,,,,,,,,,,,,,,,,,,,,,,,,,,,,,,,,,,,,,,,,,,,,,
set-point-spacing,Point spacing,,,,,,,A,,,,,,,,,,,,,,,,,,,,,,,,,,,,,,,,,,,,,,,,,,,,,,,,,,,,,,,,,
set-spiral-direction,Spiral direction,,,,,,,A,,,,,,,,,,,,,,,,,,,,,,,,,,,,,,,,,,,,,,,,,,,,,,,,,,,,,,,,,
set-max-stepdown,Ramp-finish max stepdown,,,,,,,A,,,,,,,,,,,,,,,,,,,,,,,,,,,,,,,,,,,,,,,,,,,,,,,,,,,,,,,,,
set-project-surface-model,Project-curve surface model,,,,,,,A,,,,,,,,,,,,,,,,,,,,,,,,,,,,,,,,,,,,,,,,,,,,,,,,,,,,,,,,,
set-project-direction,Project-curve direction,,,,,,,A,,,,,,,,,,,,,,,,,,,,,,,,,,,,,,,,,,,,,,,,,,,,,,,,,,,,,,,,,
set-project-side,Project-curve compensation side,,,,,,,A,,,,,,,,,,,,,,,,,,,,,,,,,,,,,,,,,,,,,,,,,,,,,,,,,,,,,,,,,
apply-stale-default-fix,Apply stale-default fix,,,,,,,S,,,,,,M,,,,,,,,,,,,,,,,,,,,,,,,,,,,,,,,,,,,,,,,,,,,,,,,,,,
show-toolpath-diagnostics,Per-toolpath diagnostics,,,,,,,,,,,,,R,,,,,,,,,,,,,,,,,,,,,,,,,,,,,,,,,,,,,,,,,,,,,,,,,,,
reset-dressups-to-recommended,Reset dressups to recommended,,,,,,,,,,,,,,S,,,,,,,,,,,,,,,,,,,,,,,,,,,,,,,,,,,,,,,,,,,,,,,,,,
set-dressup-entry-style,Dressup entry style,,,,,,,,,,,,,,A,,,,,,,,,,,,,,,,,,,,,,,,,,,,,,,,,,,,,,,,,,,,,,,,,,
toggle-lead-in-out,Lead-in/out,,,,,,,,,,,,,,A,,,,,,,,,,,,,,,,,,,,,,,,,,,,,,,,,,,,,,,,,,,,,,,,,,
toggle-arc-fitting,Arc fitting (G2/G3),,,,,,,,,,,,,,A,,,,,,,,,,,,,,,,,,,,,,,,,,,,,,,,,,,,,,,,,,,,,,,,,,
toggle-dogbone,Dogbone overcuts,,,,,,,,,,,,,,A,,,,,,,,,,,,,,,,,,,,,,,,,,,,,,,,,,,,,,,,,,,,,,,,,,
toggle-link-moves,Link moves,,,,,,,,,,,,,,A,,,,,,,,,,,,,,,,,,,,,,,,,,,,,,,,,,,,,,,,,,,,,,,,,,
toggle-feed-optimization,Feed-rate optimization,,,,,,,,,,,,,,A,,,,,,,,,,,,,,,,,,,,,,,,,,,,,,,,,,,,,,,,,,,,,,,,,,
toggle-optimize-rapid-order,Optimize rapid travel order,,,,,,,,,,,,,,A,,,,,,,,,,,,,,,,,,,,,,,,,,,,,,,,,,,,,,,,,,,,,,,,,,
set-retract-strategy,Retract strategy,,,,,,,,,,,,,,A,,,,,,,,,,,,,,,,,,,,,,,,,,,,,,,,,,,,,,,,,,,,,,,,,,
toggle-boundary,Enable machining boundary,,,,,,,,,,,,,,A,,,,,,,,,,,,,,,,,,,,,,,,,,,,,,,,,,,,,,,,,,,,,,,,,,
set-boundary-inherit,Inherit boundary from stock,,,,,,,,,,,,,,A,,,,,,,,,,,,,,,,,,,,,,,,,,,,,,,,,,,,,,,,,,,,,,,,,,
set-boundary-source,Boundary source,,,,,,,,,,,,,,A,,,,,,,,,,,,,,,,,,,,,,,,,,,,,,,,,,,,,,,,,,,,,,,,,,
set-boundary-containment,Boundary containment mode,,,,,,,,,,,,,,A,,,,,,,,,,,,,,,,,,,,,,,,,,,,,,,,,,,,,,,,,,,,,,,,,,
set-boundary-offset,Boundary offset,,,,,,,,,,,,,,A,,,,,,,,,,,,,,,,,,,,,,,,,,,,,,,,,,,,,,,,,,,,,,,,,,
set-spindle-strategy,Set spindle policy,,,,,,,,,,,,,,,,,A,,,M,,,,,,,,,,,,,,,,,,,,,,,,,,,,,,,,,,,,,,,,,,,,
request-feeds-suggestion,Compute/display LUT feeds recommendation,,,,,,,,,,,,,,,R,R,R,,,R,,,,,,,,,,,,,,,,,,,,,,,,,,,,,,,,,,,,,,,,,,,,
toggle-feeds-provenance,Show how the recommendation was calculated,,,,,,,,,,,,,,,,,R,,,,,,,,,,,,,,,,,,,,,,,,,,,,,,,,,,,,,,,,,,,,,,,
set-feeds-explore-point,Set what-if feed/RPM operating point,,,,,,,,,,,,,,,,,,A,,,,,,,,,,,,,,,,,,,,,,,,,,,,,,,,,,,,,,,,,,,,,,
apply-feeds-explore,Apply explored feed+RPM to toolpath,,,,,,,,,,,,,,,,,,S,,,,,,,,,,,,,,,,,,,,,,,,,,,,,,,,,,,,,,,,,,,,,,
set-feeds-project-sort,Sort project feeds rollup,,,,,,,,,,,,,,,,,,,,A,,,,,,,,,,,,,,,,,,,,,,,,,,,,,,,,,,,,,,,,,,,,
toggle-feeds-project-row,Select toolpath in feeds rollup,,,,,,,,,,,,,,,,,,,,A,,,,,,,,,,,,,,,,,,,,,,,,,,,,,,,,,,,,,,,,,,,,
toggle-feeds-project-scatter,Toggle feed-RPM scatter overlay,,,,,,,,,,,,,,,,,,,,R,,,,,,,,,,,,,,,,,,,,,,,,,,,,,,,,,,,,,,,,,,,,
open-optimize-modal,Open per-toolpath sim optimizer,,,,,,,,,,,,,,,,,,,,,,,,R,,,,,,,,,,,,,,,,,,,S,,,,,,,S,,,,S,,,,,,,,,,
request-optimize-suggestion,Compute/display sim-optimizer candidates,,,,,,,,,,,,,,,,,,,R,,,,,,R,,,,,,,,,,,,,,,,,,,,,,,,,,,,,,,,,,,,,,,
apply-optimize-candidate,Apply a chosen optimizer candidate,,,,,,,,,,,,,,,,,,,S,,,,,,,,,,,,,,,,,,,,,,,,,,,,,,,,,,,,,,,,,,,,,
open-optimize-project,Open project-wide sim optimizer rollup,,,,,,,,,,,,,,,,,,,,,,,,R,,,,,,,,,,,,,,,S,,,,,,,,,,,,,,,,,,,,,,,,,
toggle-optimize-project-row,Select toolpath in optimize rollup,,,,,,,,,,,,,,,,,,,,,,,,,A,,,,,,,,,,,,,,,,,,,,,,,,,,,,,,,,,,,,,,,
apply-optimize-project,Batch-apply selected optimizer candidates,,,,,,,,,,,,,,,,,,,,,,,,,S,,,,,,,,,,,,,,,,,,,,,,,,,,,,,,,,,,,,,,,
select-stock,Select stock for editing,,,,,,,,,,,,,,,,,,,,,,,,,,A,,,,,,,,,,,,,,,,,,,,,,,,,,,,,,,,A,,,,,,
add-setup,Add setup,,,,,,,,,,,,,,,,,,,,,,,,,,A,,,,,,,,,,,,,,,,,,,,,,,,,,,,,,,,A,,,,,,
select-setup,Select setup,,,,,,,,,,,,,,,,,,,,,,,,,,A,,,,,,,,,,,,,,,,,,,,,,,,,,,,,,,,A,,,,,,
select-model,Select model,,,,,,,,,,,,,,,,,,,,,,,,,,A,,,,,,,,,,,,,,,,,,,,,,,,,,,,,,,,A,,,,,,
reload-model,Reload model from disk,,,,,,,,,,,,,,,,,,,,,,,,,,A,,,,,,,,,,,,,,,,,,,,,,,,,,,,,,,,A,,,,,,
delete-model,Delete model,,,,,,,,,,,,,,,,,,,,,,,,,,A,,,,,,,,,,,,,,,,,,,,,,,,,,,,,,,,A,,,,,,
view-stock-effective-dims,Effective stock dimensions,,,,,,,,,,,,,,,,,,,,,,,,,,R,,,,,,,,,,,,,,,,,,,,,,,,,,,,,,,,,,,,,,
view-project-readiness,Project readiness,,,,,,,,,,,,,,,,,,,,,,,,,,R,,,,,,,,,,,,,,,,,,,,,,,,,,,,,,,,,,,,,,
view-estimated-cycle-time,Estimated cycle time,,,,,,,,,,,,,,,,,,,,,,,,,,R,,,,,,,,,,,,,,,,,,,,,,,,,,,,,,,,,,,,,,
view-project-diagnostics,Project findings card,,,,,,,,,,,,,,,,,,,,,,,,,,R,,,,,,,,,,,,,,,,,,,,,,,,,,,,,,,,,,,,,,
rename-setup,Rename setup,,,,,,,,,,,,,,,,,,,,,,,,,,,A,,,,,,,,,,,,,,,,,,,,,,,,,,,,,,,,,,,,,
set-face-up,Set face-up orientation,,,,,,,,,,,,,,,,,,,,,,,,,,,A,,,,,,,,,,,,,,,,,,,,,,,,,,,,,,,,,,,,,
view-orientation,Orientation chip,,,,,,,,,,,,,,,,,,,,,,,,,,R,,,,,,,,,,,,,,,,,,,,,,,,,,,,,,,,,,,,,,
set-z-rotation,Set Z rotation,,,,,,,,,,,,,,,,,,,,,,,,,,,A,,,,,,,,,,,,,,,,,,,,,,,,,,,,,,,,,,,,,
set-xy-datum-method,Set XY datum method,,,,,,,,,,,,,,,,,,,,,,,,,,,A,,,,,,,,,,,,,,,,,,,,,,,,,,,,,,,,,,,,,
view-xy-datum-method,XY datum chip,,,,,,,,,,,,,,,,,,,,,,,,,,R,,,,,,,,,,,,,,,,,,,,,,,,,,,,,,,,,,,,,,
set-z-datum-method,Set Z datum method,,,,,,,,,,,,,,,,,,,,,,,,,,,A,,,,,,,,,,,,,,,,,,,,,,,,,,,,,,,,,,,,,
set-z-datum-offset,Set Z datum fixed offset,,,,,,,,,,,,,,,,,,,,,,,,,,,A,,,,,,,,,,,,,,,,,,,,,,,,,,,,,,,,,,,,,
set-datum-notes,Set datum notes,,,,,,,,,,,,,,,,,,,,,,,,,,,A,,,,,,,,,,,,,,,,,,,,,,,,,,,,,,,,,,,,,
scope-setup-models,Scope setup to models,,,,,,,,,,,,,,,,,,,,,,,,,,,A,,,,,,,,,,,,,,,,,,,,,,,,,,,,,,,,,,,,,
setup-two-sided,Create two-sided / add flip pins,,,,,,,,,,,,,,,,,,,,,,,,,,,M,A,,,,,,,,,,,,,,,,,,,,,,,,,,,,,,,,,,,,
select-fixture,Select fixture,,,,,,,,,,,,,,,,,,,,,,,,,,,A,,,,,,,,,,,,,,,,,,,,,,,,,,,,,,,A,,,,,,
add-fixture,Add fixture,,,,,,,,,,,,,,,,,,,,,,,,,,,A,,,,,,,,,,,,,,,,,,,,,,,,,,,,,,,,,,,,,
delete-fixture,Delete fixture,,,,,,,,,,,,,,,,,,,,,,,,,,,A,,,,,,,,,,,,,,,,,,,,,,,,,,,,,,,,,,,,,
select-keepout,Select keep-out zone,,,,,,,,,,,,,,,,,,,,,,,,,,,A,,,,,,,,,,,,,,,,,,,,,,,,,,,,,,,A,,,,,,
add-keepout,Add keep-out zone,,,,,,,,,,,,,,,,,,,,,,,,,,,A,,,,,,,,,,,,,,,,,,,,,,,,,,,,,,,,,,,,,
delete-keepout,Delete keep-out zone,,,,,,,,,,,,,,,,,,,,,,,,,,,A,,,,,,,,,,,,,,,,,,,,,,,,,,,,,,,A,,,,,,
set-fixture-name,Set fixture name,,,,,,,,,,,,,,,,,,,,,,,,,,,,,A,,,,,,,,,,,,,,,,,,,,,,,,,,,,,,,,,,,
set-fixture-kind,Set fixture kind,,,,,,,,,,,,,,,,,,,,,,,,,,,,,A,,,,,,,,,,,,,,,,,,,,,,,,,,,,,,,,,,,
toggle-fixture-enabled,Toggle fixture enabled,,,,,,,,,,,,,,,,,,,,,,,,,,,,,A,,,,,,,,,,,,,,,,,,,,,,,,,,,,,,,,,,,
set-fixture-position,Set fixture position (XYZ),,,,,,,,,,,,,,,,,,,,,,,,,,,,,A,,,,,,,,,,,,,,,,,,,,,,,,,,,,,,,,,,,
set-fixture-size,Set fixture size (XYZ),,,,,,,,,,,,,,,,,,,,,,,,,,,,,A,,,,,,,,,,,,,,,,,,,,,,,,,,,,,,,,,,,
set-fixture-clearance,Set fixture clearance,,,,,,,,,,,,,,,,,,,,,,,,,,,,,A,,,,,,,,,,,,,,,,,,,,,,,,,,,,,,,,,,,
set-keepout-name,Set keep-out name,,,,,,,,,,,,,,,,,,,,,,,,,,,,,,A,,,,,,,,,,,,,,,,,,,,,,,,,,,,,,,,,,
toggle-keepout-enabled,Toggle keep-out enabled,,,,,,,,,,,,,,,,,,,,,,,,,,,,,,A,,,,,,,,,,,,,,,,,,,,,,,,,,,,,,,,,,
set-keepout-position,Set keep-out position (XY),,,,,,,,,,,,,,,,,,,,,,,,,,,,,,A,,,,,,,,,,,,,,,,,,,,,,,,,,,,,,,,,,
set-keepout-size,Set keep-out size (XY),,,,,,,,,,,,,,,,,,,,,,,,,,,,,,A,,,,,,,,,,,,,,,,,,,,,,,,,,,,,,,,,,
set-stock-material,Set stock material,,,,,,,,,,,,,,,,,,,,,,,,,,,,,,,A,A,,,,,,,,,,,,,,,,,,,,,,,,,,,,,,,,
filter-wood-species,Filter wood species,,,,,,,,,,,,,,,,,,,,,,,,,,,,,,,,A,,,,,,,,,,,,,,,,,,,,,,,,,,,,,,,,
view-material-hardness-index,Material hardness index,,,,,,,,,,,,,,,,,,,,,,,,,,,,,,,R,,,,,,,,,,,,,,,,,,,,,,,,,,,,,,,,,
view-material-kc,Material specific cutting force Kc,,,,,,,,,,,,,,,,,,,,,,,,,,,,,,,R,,,,,,,,,,,,,,,,,,,,,,,,,,,,,,,,,
set-stock-dimensions,Set stock dimensions (XYZ),,,,,,,,,,,,,,,,,,,,,,,,,,,,,,,A,,,,,,,,,,,,,,,,,,,,,,,,,,,,,,,,,
set-stock-origin,Set stock origin (XYZ),,,,,,,,,,,,,,,,,,,,,,,,,,,,,,,A,,,,,,,,,,,,,,,,,,,,,,,,,,,,,,,,,
toggle-auto-from-model,Toggle auto-from-model,,,,,,,,,,,,,,,,,,,,,,,,,,,,,,,A,,,,,,,,,,,,,,,,,,,,,,,,,,,,,,,,,
set-stock-padding,Set stock padding,,,,,,,,,,,,,,,,,,,,,,,,,,,,,,,A,,,,,,,,,,,,,,,,,,,,,,,,,,,,,,,,,
set-flip-axis,Set flip axis,,,,,,,,,,,,,,,,,,,,,,,,,,,,A,,,,,,,,,,,,,,,,,,,,,,,,,,,,,,,,,,,,
set-pin-diameter,Set shared pin diameter,,,,,,,,,,,,,,,,,,,,,,,,,,,,A,,,,,,,,,,,,,,,,,,,,,,,,,,,,,,,,,,,,
set-pin-position,Set pin position (XY),,,,,,,,,,,,,,,,,,,,,,,,,,,,A,,,,,,,,,,,,,,,,,,,,,,,,,,,,,,,,,,,,
mirror-pin,Mirror pin across flip axis,,,,,,,,,,,,,,,,,,,,,,,,,,,,A,,,,,,,,,,,,,,,,,,,,,,,,,,,,,,,,,,,,
remove-pin,Remove pin,,,,,,,,,,,,,,,,,,,,,,,,,,,,A,,,,,,,,,,,,,,,,,,,,,,,,,,,,,,,,,,,,
add-pin,Add pin,,,,,,,,,,,,,,,,,,,,,,,,,,,,A,,,,,,,,,,,,,,,,,,,,,,,,,,,,,,,,,,,,
auto-place-pins,Auto-place pins,,,,,,,,,,,,,,,,,,,,,,,,,,,,S,,,,,,,,,,,,,,,,,,,,,,,,,,,,,,,,,,,,
set-auto-place-pin-count,Set auto-place pin count,,,,,,,,,,,,,,,,,,,,,,,,,,,,A,,,,,,,,,,,,,,,,,,,,,,,,,,,,,,,,,,,,
view-pin-symmetry-warning,Pin symmetry warning,,,,,,,,,,,,,,,,,,,,,,,,,,,,R,,,,,,,,,,,,,,,,,,,,,,,,,,,,,,,,,,,,
view-pin-bounds-warning,Pin out-of-bounds warning,,,,,,,,,,,,,,,,,,,,,,,,,,,,R,,,,,,,,,,,,,,,,,,,,,,,,,,,,,,,,,,,,
view-pin-count,Alignment pin count read-out,,,,,,,,,,,,,,,,,,,,,,,,,,,R,,,,,,,,,,,,,,,,,,,,,,,,,,,,,,,,,,,,,
set-tool-name,Set tool name,,,,,,,,,,,,,,,,,,,,,,,,,,,,,,,,,A,,,,,,,,,,,,,,,,,,,,,,,,,,,,,,,
set-tool-type,Set tool type,,,,,,,,,,,,,,,,,,,,,,,,,,,,,,,,,A,,,,,,,,,,,,,,,,,,,,,,,,,,,,,,,
set-tool-diameter,Set tool diameter,,,,,,,,,,,,,,,,,,,,,,,,,,,,,,,,,A,,,,,,,,,,,,,,,,,,,,,,,,,,,,,,,
set-tool-cutting-length,Set tool cutting length,,,,,,,,,,,,,,,,,,,,,,,,,,,,,,,,,A,,,,,,,,,,,,,,,,,,,,,,,,,,,,,,,
set-tool-flutes,Set tool flute count,,,,,,,,,,,,,,,,,,,,,,,,,,,,,,,,,A,,,,,,,,,,,,,,,,,,,,,,,,,,,,,,,
set-tool-helix,Set tool helix angle,,,,,,,,,,,,,,,,,,,,,,,,,,,,,,,,,A,,,,,,,,,,,,,,,,,,,,,,,,,,,,,,,
set-tool-corner-radius,Set tool corner radius,,,,,,,,,,,,,,,,,,,,,,,,,,,,,,,,,A,,,,,,,,,,,,,,,,,,,,,,,,,,,,,,,
set-tool-material,Set tool material,,,,,,,,,,,,,,,,,,,,,,,,,,,,,,,,,A,,,,,,,,,,,,,,,,,,,,,,,,,,,,,,,
set-cut-direction,Set bit cut direction,,,,,,,,,,,,,,,,,,,,,,,,,,,,,,,,,A,,,,,,,,,,,,,,,,,,,,,,,,,,,,,,,
set-vbit-included-angle,Set V-bit included angle,,,,,,,,,,,,,,,,,,,,,,,,,,,,,,,,,A,,,,,,,,,,,,,,,,,,,,,,,,,,,,,,,
set-taper-half-angle,Set taper half-angle,,,,,,,,,,,,,,,,,,,,,,,,,,,,,,,,,A,,,,,,,,,,,,,,,,,,,,,,,,,,,,,,,
set-shaft-diameter,Set shaft diameter,,,,,,,,,,,,,,,,,,,,,,,,,,,,,,,,,A,,,,,,,,,,,,,,,,,,,,,,,,,,,,,,,
set-holder-diameter,Set holder diameter,,,,,,,,,,,,,,,,,,,,,,,,,,,,,,,,,A,,,,,,,,,,,,,,,,,,,,,,,,,,,,,,,
set-shank-diameter,Set shank diameter,,,,,,,,,,,,,,,,,,,,,,,,,,,,,,,,,A,,,,,,,,,,,,,,,,,,,,,,,,,,,,,,,
set-shank-length,Set shank length,,,,,,,,,,,,,,,,,,,,,,,,,,,,,,,,,A,,,,,,,,,,,,,,,,,,,,,,,,,,,,,,,
set-stickout,Set tool stickout,,,,,,,,,,,,,,,,,,,,,,,,,,,,,,,,,A,,,,,,,,,,,,,,,,,,,,,,,,,,,,,,,
view-tool-preview,Tool cross-section preview,,,,,,,,,,,,,,,,,,,,,,,,,,,,,,,,,R,R,,,,,,,,,,,,,,,,,,,,,,,,,,,,,,
save-tool-to-library,Save tool to library catalog,,,,,,,,,,,,,,,,,,,,,,,,,,,,,,,,,A,,,,,,,,,,,,,,,,,,,,,,,,,,,,,,,
view-holder-not-configured-warning,Holder-not-configured warning,,,,,,,,,,,,,,,,,,,,,,,,,,,,,,,,,R,,,,,,,,,,,,,,,,,,,,,,,,,,,,,,,
set-post-format,Set post-processor format,,,,,,,,,,,,,,,,,,,,,,,,,,,,,,,,,,,A,,,,,,,,,,,,,,,,,,,,,,,M,,,,,A,
set-safe-z,Set safe-Z clearance plane,,,,,,,,,,,,,,,,,,,,,,,,,,,,,,,,,,,A,,,,,,,,,,,,,,,,,,,,,,,,,,,,,
view-effective-safe-z,Effective safe-Z (post-clamp),,,,,,,,,,,,,,,,,,,,,,,,,,,,,,,,,,,R,,,,,,,,,,,,,,,,,,,,,,,,,,,,,
toggle-safe-rapids,Toggle safe rapids (G0->G1),,,,,,,,,,,,,,,,,,,,,,,,,,,,,,,,,,,A,,,,,,,,,,,,,,,,,,,,,,,,,,,,,
set-high-feedrate,Set high feedrate,,,,,,,,,,,,,,,,,,,,,,,,,,,,,,,,,,,A,,,,,,,,,,,,,,,,,,,,,,,,,,,,,
create-tool-catalog,Create tool catalog,,,,,,,,,,,,,,,,,,,,,,,,,,,,,,,,,,A,,,,,,,,,,,,,,,,,,,,,,,,,,,,,,
select-tool-catalog,Select tool catalog,,,,,,,,,,,,,,,,,,,,,,,,,,,,,,,,,,A,,,,,,,,,,,,,,,,,,,,,,,,,,,,,,
rename-tool-catalog,Rename tool catalog,,,,,,,,,,,,,,,,,,,,,,,,,,,,,,,,,,A,,,,,,,,,,,,,,,,,,,,,,,,,,,,,,
dedupe-tool-catalog,Dedupe tool catalog,,,,,,,,,,,,,,,,,,,,,,,,,,,,,,,,,,A,,,,,,,,,,,,,,,,,,,,,,,,,,,,,,
delete-tool-catalog,Delete tool catalog,,,,,,,,,,,,,,,,,,,,,,,,,,,,,,,,,,A,,,,,,,,,,,,,,,,,,,,,,,,,,,,,,
search-all-catalogs,Search across all catalogs,,,,,,,,,,,,,,,,,,,,,,,,,,,,,,,,,,A,,,,,,,,,,,,,,,,,,,,,,,,,,,,,,
filter-tools,Filter tools by name,,,,,,,,,,,,,,,,,,,,,,,,,,,,,,,,,,A,,,,,,,,,,,,,,,,,,,,,,,,,,,,,,
select-library-tool,Select library tool,,,,,,,,,,,,,,,,,,,,,,,,,,,,,,,,,,A,,,,,,,,,,,,,,,,,,,,,,,,,,,,,,
add-tool-from-library,Add library tool to project,,,,,,,,,,,,,,,,,,,,,,,,,,,,,,,,,,A,,,,,,,,,,,,,,,,,,,,,,,,A,,,,,,
edit-library-tool,Edit library tool (open draft),,,,,,,,,,,,,,,,,,,,,,,,,,,,,,,,,,A,,,,,,,,,,,,,,,,,,,,,,,,,,,,,,
update-library-tool,Save edited library tool,,,,,,,,,,,,,,,,,,,,,,,,,,,,,,,,,,A,,,,,,,,,,,,,,,,,,,,,,,,,,,,,,
delete-library-tool,Delete library tool,,,,,,,,,,,,,,,,,,,,,,,,,,,,,,,,,,A,,,,,,,,,,,,,,,,,,,,,,,,,,,,,,
move-library-tool,Move library tool to another catalog,,,,,,,,,,,,,,,,,,,,,,,,,,,,,,,,,,A,,,,,,,,,,,,,,,,,,,,,,,,,,,,,,
view-tool-readonly-detail,Library tool read-only detail grid,,,,,,,,,,,,,,,,,,,,,,,,,,,,,,,,,,R,,,,,,,,,,,,,,,,,,,,,,,,,,,,,,
capture-cut-metrics,Capture cutting metrics,,,,,,,,,,,,,,,,,,,,,,,,,,,,,,,,,,,,A,,,,,,,,,,,,,,,,,,,,,,,,,,,,
capture-arc-engagement,Capture arc engagement,,,,,,,,,,,,,,,,,,,,,,,,,,,,,,,,,,,,A,,,,,,,,,,,,,,,,,,,,,,,,,,,,
capture-generator-trace,Record generator trace,,,,,,,,,,,,,,,,,,,,,,,,,,,,,,,,,,,,A,,,,,,,,,,,,,,,,,,,,,,,,,,,,
sim-resolution,Dexel resolution,,,,,,,,,,,,,,,,,,,,,,,,,,,,,,,,,,,,A,,,,,,,,,,,,,,,,,,,,,,,,,,,,
sim-resolution-auto,Auto resolution from tool size,,,,,,,,,,,,,,,,,,,,,,,,,,,,,,,,,,,,A,,,,,,,,,,,,,,,,,,,,,,,,,,,,
run-simulation,Run simulation,,,,,,,,,,,,,,,,,,,,,,,,,,,,,,,,,,,,A,M,M,,,,,,,,,,,,,,,,,,,A,,,,,,,
reset-simulation,Reset simulation,,,,,,,,,,,,,,,,,,,,,,,,,,,,,,,,,,,,,,A,,,,,,,,,,,,,,,,,,,A,,,,,,,
read-staleness,Results-stale indicator,,,,,,,,,,,,,,,,,,,,,,,,,,,,,,,,,,,,,R,,M,M,,,,,,,,,,,,,,,,,,,,,,,,
go-to-toolpaths,Go to Toolpaths workspace,,,,,,,,,,,,,,,,,,,,,,,,,,,,,,,,,,,,,,,,M,A,,,,,,,,,,,,,,,,,,,,,,,
go-to-simulation,Go to Simulation workspace,,,,,,,,,,,,,,,,,,,,,,,,,,,,,,,,,,,,,,,,A,,,,,,,,,,,,,,,,,,,,,,,,
toggle-toolpath-in-sim-selection,Include toolpath in sim run,,,,,,,,,,,,,,,,,,,,,,,,,,,,,,,,,,,,,,,,,,A,,,,,,,,,,,,,,,,,,,,,,
jump-to-toolpath-start,Jump playback to toolpath start,,,,,,,,,,,,,,,,,,,,,,,,,,,,,,,,,,,,,,,,,,A,M,,,,,,,,,,,,,,,,,,,,,
toggle-span-outline,Show/hide span outline,,,,,,,,,,,,,,,,,,,,,,,,,,,,,,,,,,,,,,,,,,A,,,,,,,,,,,,,,,,,,,,,,
jump-to-span-start,Jump to span start,,,,,,,,,,,,,,,,,,,,,,,,,,,,,,,,,,,,,,,,,,M,,M,,,,,,,,,,,,,,,,,,,,
jump-to-span-end,Jump to span end,,,,,,,,,,,,,,,,,,,,,,,,,,,,,,,,,,,,,,,,,,A,,,,,,,,,,,,,,,,,,,,,,
pin-semantic-item,Pin semantic item / jump to its start,,,,,,,,,,,,,,,,,,,,,,,,,,,,,,,,,,,,,,,,,,A,,,M,,,,,,,,,,,,,,,,,,,
jump-to-semantic-item-end,Jump to semantic item end,,,,,,,,,,,,,,,,,,,,,,,,,,,,,,,,,,,,,,,,,,A,,,,,,,,,,,,,,,,,,,,,,
read-toolpath-status-flags,Per-op simulation+load status flags,,,,,,,,,,,,,,,,,,,,,,,,,,,,,,,,,,,,,,,,,,R,,,,,,,,,,,,,,,,,,,,,,
show-stock,Show stock,,,,,,,,,,,,,,,,,,,,,,,,,,,,,,,,,,,,,,M,,,,,,,,A,,,,,,,,,,,,,,,,,,
stock-opacity,Stock opacity,,,,,,,,,,,,,,,,,,,,,,,,,,,,,,,,,,,,,,,,,,,,,,A,,,,,,,,,,,,,,,,,,
show-cutting-moves,Show cutting moves,,,,,,,,,,,,,,,,,,,,,,,,,,,,,,,,,,,,,,M,,,,,,,,A,,,,,,,,,,,,,,,,,,
show-rapid-moves,Show rapid moves,,,,,,,,,,,,,,,,,,,,,,,,,,,,,,,,,,,,,,M,,,,,,,,A,,,,,,,,,,,,,,,,,,
stock-color-mode,Stock color mode,,,,,,,,,,,,,,,,,,,,,,,,,,,,,,,,,,,,,,,,,,,,,,A,,,,,,,,,,,,,,,,,,
show-generator-steps,Show generator steps overlay,,,,,,,,,,,,,,,,,,,,,,,,,,,,,,,,,,,,,,,,,,,,,,A,,,,,,,,,,,,,,,,,,
highlight-active-generator-step,Highlight active generator step,,,,,,,,,,,,,,,,,,,,,,,,,,,,,,,,,,,,,,,,,,,,,,A,,,,,,,,,,,,,,,,,,
read-active-semantic-item,Active semantic item detail,,,,,,,,,,,,,,,,,,,,,,,,,,,,,,,,,,,,,,,,,,,,,,,R,,,,,,,,,,,,,,,,,
read-generator-trace-summary,Generator trace timing summary,,,,,,,,,,,,,,,,,,,,,,,,,,,,,,,,,,,,,,,,,,,,,,,,R,,,,,,,,,,,,,,,,
read-semantic-item-count,Semantic item count,,,,,,,,,,,,,,,,,,,,,,,,,,,,,,,,,,,,,,,,,,,,,,,,R,,,,,,,,,,,,,,,,
read-trace-count,Recorded traces count,,,,,,,,,,,,,,,,,,,,,,,,,,,,,,,,,,,,,,,,,,,,,,,,,R,,,,,,,,,,,,,,,
read-hotspot-metrics,Focused hotspot metrics,,,,,,,,,,,,,,,,,,,,,,,,,,,,,,,,,,,,,,,,,,,,,,,,,,R,,,,,,,,,,,,,,
focus-hotspot,Focus a hotspot,,,,,,,,,,,,,,,,,,,,,,,,,,,,,,,,,,,,,,,,,,,,,,,,,,,A,M,M,,,,,,,,,,,
clear-focused-hotspot,Clear focused hotspot,,,,,,,,,,,,,,,,,,,,,,,,,,,,,,,,,,,,,,,,,,,,,,,,,,A,,,,,,,,,,,,,,
read-issue,Focused issue detail,,,,,,,,,,,,,,,,,,,,,,,,,,,,,,,,,,,,,,,,,,,,,,,,,,,,,,R,,,,,,,,,,
focus-prev-issue,Previous issue,,,,,,,,,,,,,,,,,,,,,,,,,,,,,,,,,,,,,,,,,,,,,,,,,,,,,,A,,,,,,,,,,
focus-next-issue,Next issue,,,,,,,,,,,,,,,,,,,,,,,,,,,,,,,,,,,,,,,,,,,,,,,,,,,,,,A,,,,,,,,,,
jump-to-move,Jump playback to move,,,,,,,,,,,,,,,,,,,,,,,,,,,,,,,,,,,,,,,,,,,,,,,,,,,M,,,A,,,,,,,,,,
read-cycle-time,Cycle time,,,,,,,,,,,,,,,,,,,,,,,,,,,,,,,,,,,,,,,R,M,,,,,,,,,,,,,,,,,,,,,,,,
read-move-count,Total moves,,,,,,,,,,,,,,,,,,,,,,,,,,,,,,,,,,,,,,,R,,,,,,,,,,,,,,,,,,,,,,,,,
read-operation-count,Operation count,,,,,,,,,,,,,,,,,,,,,,,,,,,,,,,,,,,,,,,R,,,,,,,,,,,,,,,,,,,,,,,,,
read-cut-distance,Cut distance,,,,,,,,,,,,,,,,,,,,,,,,,,,,,,,,,,,,,,,R,,,,,,,,,,,,,,,,,,,,,,,,,
read-rapid-distance,Rapid distance,,,,,,,,,,,,,,,,,,,,,,,,,,,,,,,,,,,,,,,R,,,,,,,,,,,,,,,,,,,,,,,,,
read-air-cut-pct,Air cut percentage,,,,,,,,,,,,,,,,,,,,,,,,,,,,,,,,,,,,,,,R,,,,,,,,,,,,,,,,,,,,,,,,,
read-collision-count,Collision count,,,,,,,,,,,,,,,,,,,,,,,,,,,,,,,,,,,,,,,R,M,,,,,,,,,M,,,,,,,,,,,,,,,
read-load-findings,TPs within/exceeding/unmodeled,,,,,,,,,,,,,,,,,,,,,,,,,,,,,,,,,,,,,,,R,M,,,,,,,,,M,,,,,,,,,,,,,,,
read-issue-counts,Per-kind issue breakdown,,,,,,,,,,,,,,,,,,,,,,,,,,,,,,,,,,,,,,,R,,,,,,,,,,M,,,,,,,,,,,,,,,
read-hotspot-list,Project hotspot triage list,,,,,,,,,,,,,,,,,,,,,,,,,,,,,,,,,,,,,,,,,,,,,,,,,,,R,,,,,,,,,,,,,
read-tool-load-chipload-badge,Chipload load badge,,,,,,,,,,,,,,,,,,,,,,,,,,,,,,,,,,,,,,,,,,,R,,,,,,,,,,,,,,,,,,,,,
read-tool-load-power-badge,Power load badge,,,,,,,,,,,,,,,,,,,,,,,,,,,,,,,,,,,,,,,,,,,R,,,,,,,,,,,,,,,,,,,,,
read-tool-load-deflection-badge,L/D deflection badge,,,,,,,,,,,,,,,,,,,,,,,,,,,,,,,,,,,,,,,,,,,R,,,,,,,,,,,,,,,,,,,,,
read-drill-gates,Drill gate badges,,,,,,,,,,,,,,,,,,,,,,,,,,,,,,,,,,,,,,,,,,,R,,,,,,,,,,,,,,,,,,,,,
read-span-engagement,Span avg/peak engagement,,,,,,,,,,,,,,,,,,,,,,,,,,,,,,,,,,,,,,,,,,,,,,,,,,,,R,,,,,,,,,,,,
read-span-chipload,Span avg/peak chipload,,,,,,,,,,,,,,,,,,,,,,,,,,,,,,,,,,,,,,,,,,,,,,,,,,,,R,,,,,,,,,,,,
read-span-axial-doc,Span peak axial DOC,,,,,,,,,,,,,,,,,,,,,,,,,,,,,,,,,,,,,,,,,,,,,,,,,,,,R,,,,,,,,,,,,
read-span-mrr,Span avg/peak MRR,,,,,,,,,,,,,,,,,,,,,,,,,,,,,,,,,,,,,,,,,,,,,,,,,,,,R,,,,,,,,,,,,
clear-span-lock,Follow playhead (clear span lock),,,,,,,,,,,,,,,,,,,,,,,,,,,,,,,,,,,,,,,,,,,,,,,,,,,,A,,,,,,,,,,,,
sim-step-backward,Step backward,,,,,,,,,,,,,,,,,,,,,,,,,,,,,,,,,,,,,,,,,,,,,,,,,,,,,,,A,,,,,,,,,
toggle-sim-playback,Play/pause,,,,,,,,,,,,,,,,,,,,,,,,,,,,,,,,,,,,,,,,,,,,,,,,,,,,,,,A,,,,,,,,,
sim-step-forward,Step forward,,,,,,,,,,,,,,,,,,,,,,,,,,,,,,,,,,,,,,,,,,,,,,,,,,,,,,,A,,,,,,,,,
read-elapsed-total-time,Elapsed/total time,,,,,,,,,,,,,,,,,,,,,,,,,,,,,,,,,,,,,,,,,,,,,,,,,,,,,,,R,,,,,,,,,
playback-speed,Playback speed multiplier,,,,,,,,,,,,,,,,,,,,,,,,,,,,,,,,,,,,,,,,,,,,,,,,,,,,,,,A,,,,,,,,,
seek-playback,Seek by clicking/dragging timeline,,,,,,,,,,,,,,,,,,,,,,,,,,,,,,,,,,,,,,,,,,,,,,,,,,,,,M,,,A,,,,,,,,
jump-to-safety-marker,Snap to nearest safety marker,,,,,,,,,,,,,,,,,,,,,,,,,,,,,,,,,,,,,,,,,,,,,,,,,,,,,,,,A,,,,,,,,
read-collision-markers,Collision markers on timeline,,,,,,,,,,,,,,,,,,,,,,,,,,,,,,,,,,,,,,,,,,,,,,,,,,,,,,,,R,,,,,,,,
read-tool-load-markers,Tool-load exceed/unmodeled markers,,,,,,,,,,,,,,,,,,,,,,,,,,,,,,,,,,,,,,,,,,,,,,,,,,,,,,,,R,,,,,,,,
set-span-scope,Set Selected-section span scope,,,,,,,,,,,,,,,,,,,,,,,,,,,,,,,,,,,,,,,,,,,,A,,,,,,,,,,,,,,,,,,,,
read-span-subdivision,DepthPass/Region subdivision view,,,,,,,,,,,,,,,,,,,,,,,,,,,,,,,,,,,,,,,,,,,,R,,,,,,,,,,,,,,,,,,,,
read-semantic-segments,Semantic-trace segment strip,,,,,,,,,,,,,,,,,,,,,,,,,,,,,,,,,,,,,,,,,,,,,R,,,,,,,,,,,,,,,,,,,
read-annotations,Generator annotation marks,,,,,,,,,,,,,,,,,,,,,,,,,,,,,,,,,,,,,,,,,,,,,R,,,,,,,,,,,,,,,,,,,
read-cut-issue-dots,Air-cut/low-engagement issue dots,,,,,,,,,,,,,,,,,,,,,,,,,,,,,,,,,,,,,,,,,,,,,R,,,,,,,,,,,,,,,,,,,
read-chipload-signal,Chipload track,,,,,,,,,,,,,,,,,,,,,,,,,,,,,,,,,,,,,,,,,,,,,,,,,,,,,R,,,,,,,,,,,
read-arc-engagement-signal,Arc engagement track,,,,,,,,,,,,,,,,,,,,,,,,,,,,,,,,,,,,,,,,,,,,,,,,,,,,,R,,,,,,,,,,,
read-axial-doc-signal,Axial DOC track,,,,,,,,,,,,,,,,,,,,,,,,,,,,,,,,,,,,,,,,,,,,,,,,,,,,,R,,,,,,,,,,,
read-mrr-signal,MRR track,,,,,,,,,,,,,,,,,,,,,,,,,,,,,,,,,,,,,,,,,,,,,,,,,,,,,R,,,,,,,,,,,
read-feed-rate-signal,Feed-rate track,,,,,,,,,,,,,,,,,,,,,,,,,,,,,,,,,,,,,,,,,,,,,,,,,,,,,R,,,,,,,,,,,
read-chipload-envelope,Chipload envelope,,,,,,,,,,,,,,,,,,,,,,,,,,,,,,,,,,,,,,,,,,,,,,,,,,,,,R,,,,,,,,,,,
set-view-preset,Camera view preset,,,,,,,,,,,,,,,,,,,,,,,,,,,,,,,,,,,,,,A,,,,,,,,,,,,,,,,,,,A,,,,,,,
reset-view,Reset view,,,,,,,,,,,,,,,,,,,,,,,,,,,,,,,,,,,,,,A,,,,,,,,,,,,,,,,,,,A,,,,,,,
set-render-mode,Render mode (shaded/wire),,,,,,,,,,,,,,,,,,,,,,,,,,,,,,,,,,,,,,A,,,,,,,,,,,,,,,,,,,,,,,,,,
toggle-projection,Projection (persp/ortho),,,,,,,,,,,,,,,,,,,,,,,,,,,,,,,,,,,,,,A,,,,,,,,,,,,,,,,,,,,,,,,,,
show-grid,Show grid,,,,,,,,,,,,,,,,,,,,,,,,,,,,,,,,,,,,,,A,,,,,,,,,,,,,,,,,,,,,,,,,,
show-fixtures,Show fixtures,,,,,,,,,,,,,,,,,,,,,,,,,,,,,,,,,,,,,,A,,,,,,,,,,,,,,,,,,,,,,,,,,
show-polygons,Show curves (DXF/SVG),,,,,,,,,,,,,,,,,,,,,,,,,,,,,,,,,,,,,,A,,,,,,,,,,,,,,,,,,,,,,,,,,
show-collisions,Show collisions,,,,,,,,,,,,,,,,,,,,,,,,,,,,,,,,,,,,,,A,,,,,,,,,,,,,,,,,,,,,,,,,,
filter-spankind,Filter cut segments by SpanKind,,,,,,,,,,,,,,,,,,,,,,,,,,,,,,,,,,,,,,A,,,,,,,,,,,,,,,,,,,,,,,,,,
show-tool-profile-ghost,Tool-profile ghost,,,,,,,,,,,,,,,,,,,,,,,,,,,,,,,,,,,,,,A,,,,,,,,,,,,,,,,,,,,,,,,,,
toolpath-color-mode,Toolpath color mode,,,,,,,,,,,,,,,,,,,,,,,,,,,,,,,,,,,,,,A,,,,,,,,,,,,,,,,,,,,,,,,,,
clear-isolation,Clear isolation,,,,,,,,,,,,,,,,,,,,,,,,,,,,,,,,,,,,,,A,,,,,,,,,,,,,,,,,,,,,,,,,,
cancel-compute,Cancel all compute,,,,,,,,,,,,,,,,,,,,,,,,,,,,,,,,,,,,,,A,,,,,,,,,,,,,,,,,,,,,,,,,,
read-operations-check,Operations computed check,,,,,,,,,,,,,,,,,,,,,,,,,,,,,,,,,,,,,,,,R,,,,,,,,,,,,,,,,,,,,,,,,
read-holder-clearance-check,Holder clearance check,,,,,,,,,,,,,,,,,,,,,,,,,,,,,,,,,,,,,,,,R,,,,,,,,,,,,,,,,,,,,,,,,
run-collision-check,Run collision (holder) check,,,,,,,,,,,,,,,,,,,,,,,,,,,,,,,,,,,,,,,,A,,,,,,,,,,,,,,,,,A,,,,,,,
accept-unmodeled-load,Accept unmodeled load criteria,,,,,,,,,,,,,,,,,,,,,,,,,,,,,,,,,,,,,,,,A,,,,,,,,,,,,,,,,,,,,,,,,
accept-exceeded-load,Accept exceeded load criteria,,,,,,,,,,,,,,,,,,,,,,,,,,,,,,,,,,,,,,,,A,,,,,,,,,,,,,,,,,,,,,,,,
confirm-export-risk,I understand the risks,,,,,,,,,,,,,,,,,,,,,,,,,,,,,,,,,,,,,,,,A,,,,,,,,,,,,,,,,,,,,,,,,
export-gcode,Export G-code,,,,,,,,,,,,,,,,,,,,,,,,,,,,,,,,,,,,,,,,A,,,,,,,,,,,,,,,,,,,,,,,,
cancel-export,Cancel export,,,,,,,,,,,,,,,,,,,,,,,,,,,,,,,,,,,,,,,,A,,,,,,,,,,,,,,,,,,,,,,,,
import-stl,Import STL model,,,,,,,,,,,,,,,,,,,,,,,,,,,,,,,,,,,,,,,,,,,,,,,,,,,,,,,,,A,M,,,,,,
import-svg,Import SVG model,,,,,,,,,,,,,,,,,,,,,,,,,,,,,,,,,,,,,,,,,,,,,,,,,,,,,,,,,A,M,,,,,,
import-dxf,Import DXF model,,,,,,,,,,,,,,,,,,,,,,,,,,,,,,,,,,,,,,,,,,,,,,,,,,,,,,,,,A,M,,,,,,
import-step,Import STEP model,,,,,,,,,,,,,,,,,,,,,,,,,,,,,,,,,,,,,,,,,,,,,,,,,,,,,,,,,A,M,,,,,,
open-job,Open job file,,,,,,,,,,,,,,,,,,,,,,,,,,,,,,,,,,,,,,,,,,,,,,,,,,,,,,,,,A,,,,,,,
save-job,Save job file,,,,,,,,,,,,,,,,,,,,,,,,,,,,,,,,,,,,,,,,,,,,,,,,,,,,,,,,,A,,,,,,,
export-gcode-wizard,Export g-code via wizard,,,,,,,,,,,,,,,,,,,,,,,,,,,,,,,,,,,,,,,,,,,,,,,,,,,,,,,,,A,,,,,,,
export-gcode-direct,Export g-code directly (skip wizard),,,,,,,,,,,,,,,,,,,,,,,,,,,,,,,,,,,,,,,,,,,,,,,,,,,,,,,,,A,,M,,,,,
export-combined-gcode,Export combined g-code with M0 pauses,,,,,,,,,,,,,,,,,,,,,,,,,,,,,,,,,,,,,,,,,,,,,,,,,,,,,,,,,,,A,,,,,
export-setup-gcode,Export per-setup g-code,,,,,,,,,,,,,,,,,,,,,,,,,,,,,,,,,,,,,,,,,,,,,,,,,,,,,,,,,M,M,A,,,,,
export-setup-sheet,Export setup sheet,,,,,,,,,,,,,,,,,,,,,,,,,,,,,,,,,,,,,,,,,,,,,,,,,,,,,,,,,A,,,,,,,
export-svg-preview,Export SVG preview,,,,,,,,,,,,,,,,,,,,,,,,,,,,,,,,,,,,,,,,,,,,,,,,,,,,,,,,,A,,,,,,,
quit,Quit application,,,,,,,,,,,,,,,,,,,,,,,,,,,,,,,,,,,,,,,,,,,,,,,,,,,,,,,,,A,,,,,,,
undo,Undo,,,,,,,,,,,,,,,,,,,,,,,,,,,,,,,,,,,,,,,,,,,,,,,,,,,,,,,,,A,,,,,,,
redo,Redo,,,,,,,,,,,,,,,,,,,,,,,,,,,,,,,,,,,,,,,,,,,,,,,,,,,,,,,,,A,,,,,,,
delete-selected,Delete selected (disabled),,,,,,,,,,,,,,,,,,,,,,,,,,,,,,,,,,,,,,,,,,,,,,,,,,,,,,,,,A,,,,,,,
optimize-project,Open project optimizer,,,,,,,,,,,,,,,,,,,,,,,,,,,,,,,,,,,,,,,,,,,,,,,,,,,,,,,,,A,,,,,,,
open-tool-library,Open tool library modal,,,,,,,,,,,,,,,,,,,,,,,,,,,,,,,,,,,,,,,,,,,,,,,,,,,,,,,,,A,M,,,,,,
switch-workspace,Switch workspace,,,,,,,,,,,,,,,,,,,,,,,,,,,,,,,,,,,,,,,,,,,,,,,,,,,,,,,,,M,,,A,,,,
show-shortcuts,Show keyboard shortcuts,,,,,,,,,,,,,,,,,,,,,,,,,,,,,,,,,,,,,,,,,,,,,,,,,,,,,,,,,A,,,,,,,
display-shortcut-reference,Keyboard shortcut reference,,,,,,,,,,,,,,,,,,,,,,,,,,,,,,,,,,,,,,,,,,,,,,,,,,,,,,,,,,,,,R,,,
display-model-counts,Model / triangle counts,,,,,,,,,,,,,,,,,,,,,,,,,,,,,,,,,,,,,,,,,,,,,,,,,,,,,,,,,,,,,,R,,
display-toolpath-progress,Toolpath done/total progress,,,,,,,,,,,,,,,,,,,,,,,,,,,,,,,,,,,,,,,,,,,,,,,,,,,,,,,,,,,,,,R,,
display-compute-lanes,Compute lane chips,,,,,,,,,,,,,,,,,,,,,,,,,,,,,,,,,,,,,,,,,,,,,,,,,,,,,,,,,,,,,,R,,
display-sim-available,Simulation-available marker,,,,,,,,,,,,,,,,,,,,,,,,,,,,,,,,,,,,,,,,,,,,,,,,,,,,,,,,,,,,,,R,,
display-collision-count,Collision count,,,,,,,,,,,,,,,,,,,,,,,,,,,,,,,,,,,,,,,,,,,,,,,,,,,,,,,,,,,,R,,R,,
display-dirty-flag,Unsaved-changes indicator,,,,,,,,,,,,,,,,,,,,,,,,,,,,,,,,,,,,,,,,,,,,,,,,,,,,,,,,,,,,,,R,,
display-readiness-badge,Export-readiness badge,,,,,,,,,,,,,,,,,,,,,,,,,,,,,,,,,,,,,,,,,,,,,,,,,,,,,,,,,,,,R,,,,
display-sim-stale-badge,Simulation-stale badge,,,,,,,,,,,,,,,,,,,,,,,,,,,,,,,,,,,,,,,,,,,,,,,,,,,,,,,,,,,,R,,,,
select-post-processor,Select post processor,,,,,,,,,,,,,,,,,,,,,,,,,,,,,,,,,,,,,,,,,,,,,,,,,,,,,,,,,,A,,,,,,
select-machine,Select machine,,,,,,,,,,,,,,,,,,,,,,,,,,,,,,,,,,,,,,,,,,,,,,,,,,,,,,,,,,A,,,,,,
duplicate-tool,Duplicate tool,,,,,,,,,,,,,,,,,,,,,,,,,,,,,,,,,,,,,,,,,,,,,,,,,,,,,,,,,,A,,,,,,
remove-tool,Remove tool,,,,,,,,,,,,,,,,,,,,,,,,,,,,,,,,,,,,,,,,,,,,,,,,,,,,,,,,,,A,,,,,,
remove-setup,Remove setup,,,,,,,,,,,,,,,,,,,,,,,,,,,,,,,,,,,,,,,,,,,,,,,,,,,,,,,,,,A,,,,,,
remove-fixture,Remove fixture,,,,,,,,,,,,,,,,,,,,,,,,,,,,,,,,,,,,,,,,,,,,,,,,,,,,,,,,,,A,,,,,,
wizard-set-step,Set export wizard step,,,,,,,,,,,,,,,,,,,,,,,,,,,,,,,,,,,,,,,,,,,,,,,,,,,,,,,,,,,,,,,A,
set-output-layout,Set g-code output layout,,,,,,,,,,,,,,,,,,,,,,,,,,,,,,,,,,,,,,,,,,,,,,,,,,,,,,,,,,,,,,,A,
set-filename-template,Set filename template,,,,,,,,,,,,,,,,,,,,,,,,,,,,,,,,,,,,,,,,,,,,,,,,,,,,,,,,,,,,,,,A,
set-wcs-override,Set WCS override,,,,,,,,,,,,,,,,,,,,,,,,,,,,,,,,,,,,,,,,,,,,,,,,,,,,,,,,,,,,,,,A,
set-units-override,Set units override,,,,,,,,,,,,,,,,,,,,,,,,,,,,,,,,,,,,,,,,,,,,,,,,,,,,,,,,,,,,,,,A,
set-safe-z-override,Set safe-Z export override,,,,,,,,,,,,,,,,,,,,,,,,,,,,,,,,,,,,,,,,,,,,,,,,,,,,,,,,,,,,,,,A,
set-dry-run,Toggle dry-run,,,,,,,,,,,,,,,,,,,,,,,,,,,,,,,,,,,,,,,,,,,,,,,,,,,,,,,,,,,,,,,A,
set-spindle-warmup,Set spindle warmup dwell,,,,,,,,,,,,,,,,,,,,,,,,,,,,,,,,,,,,,,,,,,,,,,,,,,,,,,,,,,,,,,,A,
set-setup-pause-message,Set inter-setup pause message,,,,,,,,,,,,,,,,,,,,,,,,,,,,,,,,,,,,,,,,,,,,,,,,,,,,,,,,,,,,,,,A,
set-allow-validator-errors,Allow save with validator errors,,,,,,,,,,,,,,,,,,,,,,,,,,,,,,,,,,,,,,,,,,,,,,,,,,,,,,,,,,,,,,,A,
wizard-save,Commit export to disk,,,,,,,,,,,,,,,,,,,,,,,,,,,,,,,,,,,,,,,,,,,,,,,,,,,,,,,,,,,,,,,A,
display-post-metadata,Post definition metadata,,,,,,,,,,,,,,,,,,,,,,,,,,,,,,,,,,,,,,,,,,,,,,,,,,,,,,,,,,,,,,,R,
set-coolant-mode,Coolant mode (read-only summary here),,,,,,,,,,,,,,,,,,,,,,,,,,,,,,,,,,,,,,,,,,,,,,,,,,,,,,,,,,,,,,,R,
display-tool-change-summary,Tool-change/spindle summary,,,,,,,,,,,,,,,,,,,,,,,,,,,,,,,,,,,,,,,,,,,,,,,,,,,,,,,,,,,,,,,R,
display-gcode-preview,G-code preview,,,,,,,,,,,,,,,,,,,,,,,,,,,,,,,,,,,,,,,,,,,,,,,,,,,,,,,,,,,,,,,R,
display-validator-findings,Validator findings,,,,,,,,,,,,,,,,,,,,,,,,,,,,,,,,,,,,,,,,,,,,,,,,,,,,,,,,,,,,,,,R,
display-export-summary,Export summary,,,,,,,,,,,,,,,,,,,,,,,,,,,,,,,,,,,,,,,,,,,,,,,,,,,,,,,,,,,,,,,R,
record-widget-state,Record widget state for automation,,,,,,,,,,,,,,,,,,,,,,,,,,,,,,,,,,,,,,,,,,,,,,,,,,,,,,,,,,,,,,,,R
