arm,job,total_s,cut_s,entry_s,air_s,entries,rings,cut_mm,rim_mm
by_area,1 rest (52,46),480.2,185.3,152.5,142.4,101,132,4585,2143
by_area,2 valley (56,25),179.1,51.0,97.4,30.8,31,53,1125,591
by_area,3 valley (84,56),102.0,30.0,53.6,18.4,21,35,661,471
by_area,4 valley (29,71),238.5,86.8,111.5,40.2,36,64,2068,656
by_area,TOTAL,999.8,353.1,415.0,231.7,189,284,8438,3861
global,1 rest (52,46),248.4,142.1,73.1,33.1,25,39,4348,1451
global,2 valley (56,25),199.7,47.2,112.3,40.1,32,41,1221,491
global,3 valley (84,56),56.3,22.3,22.0,11.9,10,19,651,401
global,4 valley (29,71),312.2,85.4,166.3,60.5,48,68,2254,508
global,8 unlabelled,3.5,0.0,3.5,0.0,1,0,0,0
global,TOTAL,820.0,297.0,377.3,145.7,116,167,8474,2851
# rim band: 3 cells (1.50 mm) of a valley boundary; stepover 1.2000000000000002
